{
  "Kondo": [
    48.1872997,
    20.6431059
  ],
  "Banambani": [
    12.7929203,
    -8.032524
  ],
  "Mali": [
    16.3700359,
    -2.2900239
  ],
  "Baltimore": [
    39.2908816,
    -76.610759
  ],
  "California": [
    36.7014631,
    -118.755997
  ],
  "Sacramento": [
    38.5810606,
    -121.493895
  ],
  "Sabah": [
    5.4257359,
    117.0326392
  ],
  "Sarawak": [
    2.5023855,
    112.9547283
  ],
  "Canada": [
    61.0666922,
    -107.991707
  ],
  "Ghana": [
    8.0300284,
    -1.0800271
  ],
  "United States": [
    39.7837304,
    -100.445882
  ],
  "Nairobi": [
    -1.2832533,
    36.8172449
  ],
  "Kenya": [
    1.4419683,
    38.4313975
  ],
  "Xi An Shi ": [
    34.261004,
    108.9423363
  ],
  "Ri Ben ": [
    36.5748441,
    139.2394179
  ],
  "The (old?) Hood": [
    47.828787466909134,
    -122.59894783123687
  ],
  "Bethesda": [
    38.98127255,
    -77.12335871396549
  ],
  "Moldova": [
    47.2879608,
    28.5670941
  ],
  "Si Chuan Sheng ": [
    30.5000001,
    102.4999999
  ],
  "Ciudad de Mexico": [
    19.4326296,
    -99.1331785
  ],
  "Hyph": [
    32.8191218,
    34.9983856
  ],
  "ySHrAl": [
    31.39480005,
    34.63358319049945
  ],
  "North Carolina": [
    35.6729639,
    -79.0392919
  ],
  "Zhong Guo ": [
    35.0000663,
    104.999955
  ],
  "Western": [
    52.719172400000005,
    7.228499446277812
  ],
  "Sardigna/Sardegna": [
    40.0912813,
    9.0305773
  ],
  "Greenland": [
    43.0361995,
    -70.8328322
  ],
  "baaNlaadesh": [
    24.4769288,
    90.2934413
  ],
  "Malawi": [
    -13.2687204,
    33.9301963
  ],
  "Equipe Municipal de Combate ao Aedes aegypti": [
    -21.157777099999997,
    -48.984188565606416
  ],
  "Iquitos": [
    -3.749365,
    -73.2444145
  ],
  "Peru": [
    -6.8699697,
    -75.0458515
  ],
  "Tai Wan ": [
    23.5983227,
    120.83537694479215
  ],
  "praethsaithy": [
    14.8971921,
    100.83273
  ],
  "Guatemala": [
    15.5855545,
    -90.345759
  ],
  "Village of Almond": [
    42.3222916,
    -77.738327
  ],
  "Geneve": [
    46.2017559,
    6.1466014
  ],
  "San Miguel Island": [
    34.045202450000005,
    -120.37952995411791
  ],
  "Da Ban Shi ": [
    34.6937569,
    135.5014539
  ],
  "Framingham": [
    42.2773177,
    -71.4165905
  ],
  "Texas": [
    31.2638905,
    -98.5456116
  ],
  "New Mexico": [
    34.5802074,
    -105.996047
  ],
  "Sonora": [
    29.3333331,
    -110.6666671
  ],
  "Maroc  lmGrb": [
    31.1728205,
    -7.3362482
  ],
  "Xico": [
    19.4457798,
    -97.07075687770478
  ],
  "Italia": [
    42.6384261,
    12.674297
  ],
  "B'lgariia": [
    42.6073975,
    25.4856617
  ],
  "Shang Hai Shi ": [
    31.2312707,
    121.4700152
  ],
  "Bagdat Demiryolu / Reya hesini li Bexda / sk@ Hdyd bGdd": [
    36.914358575021346,
    38.26699978640028
  ],
  "Loma Prieta": [
    37.1109176,
    -121.8442789
  ],
  "Ontario": [
    50.000678,
    -86.000977
  ],
  "Washington": [
    38.8950368,
    -77.0365427
  ],
  "Denver": [
    39.7392364,
    -104.984862
  ],
  "Colorado": [
    38.7251776,
    -105.607716
  ],
  "Auckland": [
    -36.852095,
    174.7631803
  ],
  "City of New York": [
    40.7127281,
    -74.0060152
  ],
  "Alaska": [
    64.4459613,
    -149.680909
  ],
  "Nicotiana": [
    38.0224689,
    23.7490489
  ],
  "U&S": [
    51.4376108,
    7.3303862
  ],
  "joseonminjujuyiinmingonghwagug": [
    40.3736611,
    127.0870417
  ],
  "Schweiz/Suisse/Svizzera/Svizra": [
    46.7985624,
    8.2319736
  ],
  "Shelby County": [
    31.7716364,
    -94.1301652
  ],
  "British Columbia": [
    55.001251,
    -125.002441
  ],
  "Polska": [
    52.215933,
    19.134422
  ],
  "Davis County": [
    40.7474784,
    -92.3965311
  ],
  "seoulteugbyeolsi": [
    37.5666791,
    126.9782914
  ],
  "Juglans Regia": [
    44.9055031,
    8.2230611
  ],
  "Georgia": [
    32.3293809,
    -83.1137366
  ],
  "Brasil": [
    -10.3333333,
    -53.2
  ],
  "Mocambique": [
    -19.302233,
    34.9144977
  ],
  "Jamaica": [
    18.1850507,
    -77.3947693
  ],
  "Cameroun": [
    4.6125522,
    13.1535811
  ],
  "Ecuador": [
    -1.3397668,
    -79.3666965
  ],
  "Capoeira": [
    -13.1909488,
    -43.2184639
  ],
  "Antarctica": [
    -72.8438691,
    0.0
  ],
  "yrn": [
    32.6475314,
    54.5643516
  ],
  "Australia": [
    -24.7761086,
    134.755
  ],
  "Treasure Island": [
    35.0853895,
    -90.09973153461499
  ],
  "South Dakota": [
    44.6471761,
    -100.348761
  ],
  "Diamond": [
    41.2886428,
    -88.2517287
  ],
  "Turkiye": [
    39.294076,
    35.2316631
  ],
  "Sverige": [
    59.6749712,
    14.5208584
  ],
  "Ricaurte": [
    4.2777357,
    -74.7718165
  ],
  "Colombia": [
    4.099917,
    -72.9088133
  ],
  "South Africa": [
    -28.8166236,
    24.991639
  ],
  "twns": [
    36.8002068,
    10.1857757
  ],
  "Iqaluit iqaloit": [
    63.7492738,
    -68.5213763
  ],
  "nonafot Nunavut": [
    65.0377727,
    -92.5540791
  ],
  "Taranto": [
    40.54881555,
    17.08058012454743
  ],
  "Malaysia": [
    4.5693754,
    102.2656823
  ],
  "Mongol uls munggul ulus": [
    46.8250388,
    103.8499736
  ],
  "India": [
    22.3511148,
    78.6677428
  ],
  "Ellas": [
    38.9953683,
    21.9877132
  ],
  "glgt bltstn": [
    35.9999972,
    75.0000023
  ],
  "Mexicali": [
    32.6405247,
    -115.474899
  ],
  "Schule": [
    51.6107245,
    14.2589671
  ],
  "Pilipinas": [
    12.7503486,
    122.7312101
  ],
  "Tanzania": [
    -6.5247123,
    35.7878438
  ],
  "Nicaragua": [
    12.6090157,
    -85.2936911
  ],
  "daehanmingug": [
    36.638392,
    127.6961188
  ],
  "Indonesia": [
    -2.4833826,
    117.8902853
  ],
  "San Diego": [
    32.7174202,
    -117.162772
  ],
  "Nova Scotia": [
    45.1960403,
    -63.1653789
  ],
  "Maryland": [
    39.5162401,
    -76.9382069
  ],
  "Medicago Drive": [
    42.44940721193411,
    -76.46163543541685
  ],
  "Oregon": [
    43.9792797,
    -120.737257
  ],
  "Austin": [
    30.2711286,
    -97.7436995
  ],
  "Lima Metropolitana": [
    -12.0621065,
    -77.0365256
  ],
  "joseon/hangug": [
    37.9528488,
    126.73311710879327
  ],
  "Western Australia": [
    -25.2303005,
    121.0187246
  ],
  "Ouaka": [
    6.3110548,
    20.5447525
  ],
  "Trondheim Crescent": [
    43.59439713123033,
    -79.75695811983665
  ],
  "Norge": [
    64.5731537,
    11.52803643954819
  ],
  "Nigeria": [
    9.6000359,
    7.9999721
  ],
  "Roma": [
    41.8933203,
    12.4829321
  ],
  "Matamoros": [
    25.8810158,
    -97.5064866
  ],
  "mnmaa": [
    17.1750495,
    95.9999652
  ],
  "Costa Rica": [
    10.2735633,
    -84.0739102
  ],
  "Potchefstroom": [
    -26.707778,
    27.095833
  ]
}