{
  "Fermilab": [
    41.83320225,
    -88.26536838511842
  ],
  "Centers For Medicare & Medicaid Services": [
    39.31812535,
    -76.76424986214745
  ],
  "Cdf": [
    51.0554433,
    3.7202623
  ],
  "Lhc": [
    50.999245,
    5.4949913
  ],
  "Banambani": [
    12.7929203,
    -8.032524
  ],
  "Baltimore": [
    39.2908816,
    -76.610759
  ],
  "California": [
    36.7014631,
    -118.755997
  ],
  "Southern California": [
    34.169262950000004,
    -116.787448181486
  ],
  "University Of California, Berkeley": [
    37.875499649999995,
    -122.23906851395179
  ],
  "Sacramento": [
    38.5810606,
    -121.493895
  ],
  "Sierra National Forest": [
    37.2820648,
    -119.14998961936823
  ],
  "Ghana": [
    8.0300284,
    -1.0800271
  ],
  "South America": [
    -21.0002179,
    -61.0006565
  ],
  "Nairobi": [
    -1.3026148499999999,
    36.82884201813725
  ],
  "Xi An Shi": [
    34.261004,
    108.9423363
  ],
  "Amazon": [
    -1.128099594618373,
    -51.21963448040629
  ],
  "United States": [
    39.7837304,
    -100.445882
  ],
  "Ri Ben": [
    36.5748441,
    139.2394179
  ],
  "California Institute Of Technology": [
    34.13701375,
    -118.12528833668254
  ],
  "Bethesda": [
    38.98127255,
    -77.12335871396549
  ],
  "San Francisco Bay": [
    37.71402905,
    -122.30779415179862
  ],
  "Si Chuan Sheng": [
    30.5000001,
    102.4999999
  ],
  "Sierra Nevada": [
    36.58,
    -118.3
  ],
  "Ciudad De Mexico": [
    19.4326296,
    -99.1331785
  ],
  "Texas": [
    31.2638905,
    -98.5456116
  ],
  "Hyph": [
    32.8191218,
    34.9983856
  ],
  "North Carolina": [
    35.6729639,
    -79.0392919
  ],
  "Zhong Guo": [
    35.0000663,
    104.999955
  ],
  "Europe": [
    51.0,
    10.0
  ],
  "Western": [
    52.719172400000005,
    7.228499446277812
  ],
  "Mary W. Jackson Nasa Headquarters": [
    38.88290415,
    -77.01635171548944
  ],
  "Los Angeles": [
    34.0536909,
    -118.242766
  ],
  "Sardigna/Sardegna": [
    40.0912813,
    9.0305773
  ],
  "Vietnam": [
    18.326067,
    -66.4098864
  ],
  "Summit": [
    66.3338276,
    -36.363133
  ],
  "Appalachian Mountains": [
    35.75,
    -82.25
  ],
  "Veterans Health Administration Community Outreach": [
    39.1056849,
    -84.51437870935456
  ],
  "Baanlaadesh": [
    24.4769288,
    90.2934413
  ],
  "North Pacific Ocean": [
    30.0,
    -170.0
  ],
  "Malawi": [
    -13.2687204,
    33.9301963
  ],
  "Iquitos": [
    -3.749365,
    -73.2444145
  ],
  "Tai Wan": [
    23.5983227,
    120.83537694479215
  ],
  "Guatemala": [
    15.5855545,
    -90.345759
  ],
  "Geneve": [
    46.2017559,
    6.1466014
  ],
  "San Miguel Island": [
    34.045202450000005,
    -120.37952995411791
  ],
  "Northern California": [
    38.8992315,
    -121.82080142136275
  ],
  "Northern": [
    35.12519887240738,
    -106.69584220034157
  ],
  "Organisation Mondiale Du Commerce": [
    46.2238514,
    6.149710594255523
  ],
  "Ciudad Del Cusco": [
    -13.51695415,
    -71.97927120704406
  ],
  "Yosemite National Park": [
    37.83930035,
    -119.51646348068644
  ],
  "North America": [
    51.0000002,
    -109.0
  ],
  "Hawaii": [
    19.593801499999998,
    -155.42837009716908
  ],
  "Indochinese Housing Development Corporation": [
    37.7836983,
    -122.4136958
  ],
  "Armenia": [
    4.536307,
    -75.6723751
  ],
  "Lawrence Berkeley National Laboratory": [
    37.87695875,
    -122.24563027311041
  ],
  "Msr": [
    26.2540493,
    29.2675469
  ],
  "American": [
    -14.78166625,
    -57.28711447826255
  ],
  "Bahia Kino": [
    28.8246532,
    -111.93715677108361
  ],
  "Centro De Informacion Inegi Culiacan": [
    24.7951304,
    -107.4123106
  ],
  "Italia": [
    42.6384261,
    12.674297
  ],
  "Owens Valley": [
    36.61562975,
    -118.10957791899536
  ],
  "B'Lgariia": [
    42.6073975,
    25.4856617
  ],
  "Shang Hai Shi": [
    31.2312707,
    121.4700152
  ],
  "Framingham Way": [
    36.090294620239824,
    -79.9069448113544
  ],
  "Bagdat Demiryolu / Reya Hesini Li Bexda / Sk@ Hdyd Bgdd": [
    36.914358575021346,
    38.26699978640028
  ],
  "Suisun Bay": [
    38.073240850000005,
    -122.07471251316508
  ],
  "Earth": [
    34.2331373,
    -102.4107493
  ],
  "Lbhr Lmyt Ym Hmlh": [
    31.54147375,
    35.47870589103286
  ],
  "Mexico": [
    39.1697626,
    -91.8829484
  ],
  "Pacific County": [
    46.5334929,
    -123.768029
  ],
  "Ontario": [
    50.000678,
    -86.000977
  ],
  "Davis County": [
    40.7474784,
    -92.3965311
  ],
  "Africa": [
    11.5024338,
    17.7578122
  ],
  "Bermuda Dunes Drive": [
    29.552777273857178,
    -97.9845435789097
  ],
  "Cambridge Rindge & Latin School": [
    42.3739168,
    -71.11066769180692
  ],
  "Washington": [
    38.8950368,
    -77.0365427
  ],
  "National Institutes Of Health": [
    39.00001425,
    -77.10400394523563
  ],
  "Denver": [
    39.7392364,
    -104.984862
  ],
  "Mars": [
    45.022172,
    4.3221548
  ],
  "Auckland": [
    -36.852095,
    174.7631803
  ],
  "Singapore": [
    1.357107,
    103.8194992
  ],
  "Greenland": [
    43.0361995,
    -70.8328322
  ],
  "Alaska": [
    64.4459613,
    -149.680909
  ],
  "Gambia": [
    13.470062,
    -15.4900464
  ],
  "Joseonminjujuyiinmingonghwagug": [
    40.3736611,
    127.0870417
  ],
  "Schweiz/Suisse/Svizzera/Svizra": [
    46.7985624,
    8.2319736
  ],
  "Shelby County": [
    31.7716364,
    -94.1301652
  ],
  "Indian Country": [
    32.72163905,
    -102.64545372905113
  ],
  "British Columbia": [
    55.001251,
    -125.002441
  ],
  "Davis": [
    38.5435526,
    -121.739005
  ],
  "Polska": [
    52.215933,
    19.134422
  ],
  "Nederland": [
    52.2434979,
    5.6343227
  ],
  "Seoulteugbyeolsi": [
    37.5666791,
    126.9782914
  ],
  "Canada": [
    61.0666922,
    -107.991707
  ],
  "San Joaquin Valley National Cemetery": [
    37.11657015,
    -121.07791186832546
  ],
  "Georgia": [
    32.3293809,
    -83.1137366
  ],
  "San Francisco": [
    37.7792588,
    -122.4193286
  ],
  "Mocambique": [
    -19.302233,
    34.9144977
  ],
  "Jamaica": [
    18.1850507,
    -77.3947693
  ],
  "University": [
    43.2102524,
    -90.2957691
  ],
  "Milky Way": [
    -7.1280388,
    52.7448393
  ],
  "Cameroun": [
    4.6125522,
    13.1535811
  ],
  "Medical School": [
    52.9424889,
    -1.1857996675719453
  ],
  "Ecuador": [
    -1.3397668,
    -79.3666965
  ],
  "Bahia": [
    -12.285251,
    -41.9294776
  ],
  "Long Valley": [
    37.5999224,
    -118.802188
  ],
  "Yrn": [
    32.6475314,
    54.5643516
  ],
  "Australia": [
    -24.7761086,
    134.755
  ],
  "Treasure Island": [
    37.82380605,
    -122.37041062623358
  ],
  "South Dakota": [
    44.6471761,
    -100.348761
  ],
  "Great Western Plains Road": [
    -32.486903205593904,
    137.84197179215062
  ],
  "Peregrine Eye And Laser Institute": [
    14.5606709,
    121.030931
  ],
  "United States Department Of Energy": [
    39.1799118,
    -77.25526339999999
  ],
  "Multiple Mirror Telescope": [
    31.6889211,
    -110.88528389966604
  ],
  "Turkiye": [
    39.294076,
    35.2316631
  ],
  "Sverige": [
    59.6749712,
    14.5208584
  ],
  "Stg Chile": [
    -33.4233629,
    -70.57988060219014
  ],
  "San Francisco Bay Area": [
    37.7884969,
    -122.3558473
  ],
  "Ricaurte": [
    4.2777357,
    -74.7718165
  ],
  "South Africa": [
    33.0531029,
    -117.2793045
  ],
  "France": [
    46.603354,
    1.8883335
  ],
  "Calle Mesoamerica": [
    18.155860242328508,
    -94.55383566211988
  ],
  "Byrwt": [
    33.88922645,
    35.50255852895232
  ],
  "Twns": [
    36.8002068,
    10.1857757
  ],
  "Iqaluit Iqaloit": [
    63.7492738,
    -68.5213763
  ],
  "Taranto": [
    40.54881555,
    17.08058012454743
  ],
  "Peninsular (Yaohan) Sofa & Interior Decoration Centre": [
    5.4274232,
    100.3835198
  ],
  "Peru": [
    -6.8699697,
    -75.0458515
  ],
  "Mongol Uls Munggul Ulus": [
    46.8250388,
    103.8499736
  ],