{
  "Asia, United States Of America": [
    28.35929655,
    -81.58837577867996
  ],
  "Fermilab": [
    41.83320225,
    -88.26536838511842
  ],
  "Latin America": [
    42.3739168,
    -71.11066769180692
  ],
  "Banambani Village, Mali": [
    12.7929203,
    -8.032524
  ],
  "Alaska": [
    64.4459613,
    -149.680909
  ],
  "Baltimore, Maryland": [
    39.2908816,
    -76.610759
  ],
  "California": [
    36.7014631,
    -118.755997
  ],
  "Southern California, California": [
    33.9510011,
    -118.2062682
  ],
  "Sacramento, California": [
    38.5810606,
    -121.493895
  ],
  "Meiji, Japan": [
    44.0389924,
    144.2482459
  ],
  "Hispaniola": [
    18.77858115,
    -70.5427697709766
  ],
  "Africa, America": [
    40.70447885,
    -74.01404387498147
  ],
  "Tomato": [
    7.0255537,
    125.0888331
  ],
  "Sierra National Forest, Ca": [
    37.2820648,
    -119.14998961936823
  ],
  "Ghana": [
    8.0300284,
    -1.0800271
  ],
  "South America": [
    -21.0002179,
    -61.0006565
  ],
  "Nairobi, Kenya": [
    -1.3026148499999999,
    36.82884201813725
  ],
  "Xi'An, China": [
    34.261004,
    108.9423363
  ],
  "Amazon": [
    -1.438616615729524,
    -52.384650345694276
  ],
  "Us": [
    39.7837304,
    -100.445882
  ],
  "Japan": [
    36.5748441,
    139.2394179
  ],
  "Bethesda, Md": [
    38.98127255,
    -77.12335871396549
  ],
  "San Francisco Bay": [
    37.71402905,
    -122.30779415179862
  ],
  "Mouse": [
    10.4620933,
    16.7028585
  ],
  "Sichuan Province, China": [
    30.5000001,
    102.4999999
  ],
  "Pacific": [
    46.5334929,
    -123.768029
  ],
  "Sierra Nevada, California": [
    36.58,
    -118.3
  ],
  "Mexico": [
    19.4326296,
    -99.1331785
  ],
  "Laos": [
    20.0171109,
    103.378253
  ],
  "Mediterranean": [
    35.0000035,
    19.9999957
  ],
  "Argentina": [
    -34.9964963,
    -64.9672817
  ],
  "Haifa, Israel": [
    32.8191218,
    34.9983856
  ],
  "North Carolina": [
    35.6729639,
    -79.0392919
  ],
  "China": [
    35.0000663,
    104.999955
  ],
  "Europe": [
    51.0,
    10.0
  ],
  "African America, Usa": [
    33.47584425,
    -86.84332249916012
  ],
  "Los Angeles, California": [
    34.0536909,
    -118.242766
  ],
  "Fiji": [
    -18.1239696,
    179.0122737
  ],
  "Sardinia": [
    40.0912813,
    9.0305773
  ],
  "Vietnam, America": [
    18.326067,
    -66.4098864
  ],
  "Summit, Greenland": [
    66.3338276,
    -36.363133
  ],
  "Pacific Ocean": [
    -0.703107,
    -120.9375
  ],
  "Appalachians": [
    35.75,
    -82.25
  ],
  "Bangladesh": [
    24.4769288,
    90.2934413
  ],
  "North Pacific Ocean": [
    30.0,
    -170.0
  ],
  "Tropical Forest": [
    42.30691091521712,
    -71.09008673552943
  ],
  "Malawi": [
    -13.2687204,
    33.9301963
  ],
  "Iquitos, Peru": [
    -3.749365,
    -73.2444145
  ],
  "Taiwan": [
    23.5983227,
    120.83537694479215
  ],
  "Thailand": [
    14.8971921,
    100.83273
  ],
  "Guatemala": [
    15.5855545,
    -90.345759
  ],
  "Yuba River, California": [
    39.18113703940496,
    -121.51366710729602
  ],
  "Guinea": [
    10.7226226,
    -10.7083587
  ],
  "Geneva": [
    46.2017559,
    6.1466014
  ],
  "San Miguel Island, California": [
    34.045202450000005,
    -120.37952995411791
  ],
  "Northern California": [
    38.8992315,
    -121.82080142136275
  ],
  "Ireland": [
    52.865196,
    -7.9794599
  ],
  "Northern Mexico": [
    35.12519887240738,
    -106.69584220034157
  ],
  "Yosemite National Park, California": [
    37.83930035,
    -119.51646348068644
  ],
  "North America": [
    51.0000002,
    -109.0
  ],
  "California Southern California": [
    33.9508711,
    -118.2064843
  ],
  "Hawaii": [
    19.593801499999998,
    -155.42837009716908
  ],
  "Hawaii, North America": [
    21.315679099999997,
    -157.86097819999998
  ],
  "Framingham": [
    42.2773177,
    -71.4165905
  ],
  "Texas, New Mexico": [
    26.271197337100936,
    -98.32661424494758
  ],
  "Borinquen": [
    18.1681101,
    -66.0409842176748
  ],
  "Indochina": [
    16.069987349999998,
    108.22454985175717
  ],
  "Armenia": [
    4.536307,
    -75.6723751
  ],
  "Lbnl": [
    37.87695875,
    -122.24563027311041
  ],
  "France": [
    46.603354,
    1.8883335
  ],
  "America, South Asia": [
    43.030802699999995,
    -88.04084909723116
  ],
  "Egypt": [
    26.2540493,
    29.2675469
  ],
  "Sutter'S Mill": [
    34.27984,
    -118.72035
  ],
  "American West": [
    -14.78166625,
    -57.28711447826255
  ],
  "Neotropical America": [
    42.71623385,
    -84.47493597057006
  ],
  "Vietnam Korea United States": [
    43.0455984,
    -76.1506508
  ],
  "Americas": [
    24.7951304,
    -107.4123106
  ],
  "Italy": [
    42.6384261,
    12.674297
  ],
  "Owens Valley, California": [
    36.61562975,
    -118.10957791899536
  ],
  "Bulgaria": [
    42.6073975,
    25.4856617
  ],
  "Shanghai, China": [
    31.2312707,
    121.4700152
  ],
  "Aleppo, Ottoman": [
    36.914358575021346,
    38.26699978640028
  ],
  "Suisun Bay": [
    38.073240850000005,
    -122.07471251316508
  ],
  "Loma Prieta": [
    37.1109176,
    -121.8442789
  ],
  "Earth": [
    34.2331373,
    -102.4107493
  ],
  "Dead Sea": [
    31.54147375,
    35.47870589103286
  ],
  "Santa Monica Mountains, California": [
    34.104627236041665,
    -118.85908501032371
  ],
  "Ontario, Canada": [
    50.000678,
    -86.000977
  ],
  "Davis": [
    40.7474784,
    -92.3965311
  ],
  "Africa": [
    11.5024338,
    17.7578122
  ],
  "Guadalupe Dunes": [
    29.552777273857178,
    -97.9845435789097
  ],
  "Tibetan Plateau": [
    31.8280766,
    87.4064278
  ],
  "San Jacinto, California": [
    33.7839664,
    -116.9589086
  ],
  "Washington, Dc": [
    38.8950368,
    -77.0365427
  ],
  "Brazil": [
    -10.3333333,
    -53.2
  ],
  "Denver, Colorado": [
    39.7392364,
    -104.984862
  ],
  "Mars": [
    45.022172,
    4.3221548
  ],
  "Auckland, New Zealand": [
    -36.852095,
    174.7631803
  ],
  "Singapore": [
    1.357107,
    103.8194992
  ],
  "New York, Usa": [
    40.7127281,
    -74.0060152
  ],
  "Central Valley, California": [
    38.0,
    -121.4
  ],
  "Greenland, Denmark": [
    71.7919151,
    -38.83977521933279
  ],
  "Rabbit": [
    42.4153078,
    -2.7486603
  ],
  "San Joaquin Valley, California": [
    37.11657015,
    -121.07791186832546
  ],
  "Gambia": [
    13.470062,
    -15.4900464
  ],
  "North Korea": [
    40.3736611,
    127.0870417
  ],
  "U.S., Mexico": [
    39.1697626,
    -91.8829484
  ],
  "Switzerland": [
    46.7985624,
    8.2319736
  ],
  "Indian Country": [
    32.72163905,
    -102.64545372905113
  ],
  "Netherlands": [
    52.2434979,
    5.6343227
  ],
  "Seoul, Korea": [
    37.5666791,
    126.9782914
  ],
  "Canadian High Arctic, Canada": [
    69.1205806,
    -105.0416907207862
  ],
  "Georgia": [
    32.3293809,
    -83.1137366
  ],
  "San Francisco Estuary": [
    38.1072772,
    -122.28815721497062
  ],
  "Brazil, California": [
    -23.6672543,
    -51.3554556
  ],
  "Mozambique": [
    -19.302233,
    34.9144977
  ],
  "Jamaica": [
    18.1850507,
    -77.3947693
  ],
  "University Of Wisconsin, Wisconsin": [
    43.080274450000005,
    -89.43095871991434
  ],
  "Milky Way": [
    -7.1280388,
    52.7448393
  ],
  "Cameroon": [
    4.6125522,
    13.1535811
  ],
  "Tropical Region": [
    -20.0770642,
    -44.5964151
  ],
  "Brain": [
    47.4627879,
    4.5035826
  ],
  "Ecuador": [
    -1.3397668,
    -79.3666965
  ],
  "Bahia": [
    -12.285251,
    -41.9294776
  ],
  "Long Valley, California": [
    37.5999224,
    -118.802188
  ],
  "Iran": [
    32.6475314,
    54.5643516
  ],
  "Australia": [
    -24.7761086,
    134.755
  ],
  "Treasure Island, California": [
    37.82380605,
    -122.37041062623358
  ],
  "South Dakota United States": [
    44.6471761,
    -100.348761
  ],
  "Great Plains": [
    39.4168652,
    -101.2920972
  ],
  "Southern California": [
    34.169262950000004,
    -116.787448181486
  ],