{
  "Fermilab": [
    41.83320225,
    -88.26536838511842
  ],
  "Cern": [
    46.2333936,
    6.05561692834323
  ],
  "Fermi National Accelerator Laboratory": [
    41.8422582,
    -88.24578204859304
  ],
  "Banambani": [
    12.7929203,
    -8.032524
  ],
  "Alaska": [
    64.4459613,
    -149.680909
  ],
  "Southern": [
    31.9909783,
    -102.0712974
  ],
  "Baltimore": [
    39.2908816,
    -76.610759
  ],
  "California": [
    36.7014631,
    -118.755997
  ],
  "Southern @ California": [
    33.9510011,
    -118.2062682
  ],
  "University Of California, Berkeley": [
    37.875499649999995,
    -122.23906851395179
  ],
  "Sacramento": [
    38.5810606,
    -121.493895
  ],
  "Country": [
    42.43459308928397,
    -83.9729085691965
  ],
  "Sierra National Forest": [
    37.2820648,
    -119.14998961936823
  ],
  "Ghana": [
    8.0300284,
    -1.0800271
  ],
  "Nairobi": [
    -1.3026148499999999,
    36.82884201813725
  ],
  "Xi An Shi": [
    34.261004,
    108.9423363
  ],
  "Amazon": [
    -1.128099594618373,
    -51.21963448040629
  ],
  "Cimit": [
    41.6485192,
    35.3939644
  ],
  "United States": [
    39.7837304,
    -100.445882
  ],
  "Seer": [
    46.1866996,
    -1.1453675
  ],
  "Ri Ben": [
    36.5748441,
    139.2394179
  ],
  "Brasil": [
    -10.3333333,
    -53.2
  ],
  "Mary W. Jackson Nasa Headquarters": [
    38.88290415,
    -77.01635171548944
  ],
  "California Institute Of Technology": [
    34.13701375,
    -118.12528833668254
  ],
  "Bethesda": [
    38.98127255,
    -77.12335871396549
  ],
  "San Francisco Bay": [
    37.71402905,
    -122.30779415179862
  ],
  "Hotel International": [
    50.109345950000005,
    14.393264664529315
  ],
  "Si Chuan Sheng": [
    30.5000001,
    102.4999999
  ],
  "Sierra Nevada": [
    36.58,
    -118.3
  ],
  "Ciudad De Mexico": [
    19.4326296,
    -99.1331785
  ],
  "Argentina": [
    -34.9964963,
    -64.9672817
  ],
  "Southern California": [
    34.169262950000004,
    -116.787448181486
  ],
  "Hyph": [
    32.8191218,
    34.9983856
  ],
  "North Carolina": [
    35.6729639,
    -79.0392919
  ],
  "Zhong Guo": [
    35.0000663,
    104.999955
  ],
  "Europe": [
    51.0,
    10.0
  ],
  "Deutschland": [
    51.1638175,
    10.4478313
  ],
  "Class": [
    4.6136971,
    -74.1784099
  ],
  "Los Angeles": [
    34.0536909,
    -118.242766
  ],
  "La Hispaniola": [
    18.77858115,
    -70.5427697709766
  ],
  "Sardigna/Sardegna": [
    40.0912813,
    9.0305773
  ],
  "Summit": [
    66.3338276,
    -36.363133
  ],
  "Appalachian Mountains": [
    35.75,
    -82.25
  ],
  "Central Valley": [
    38.0,
    -121.4
  ],
  "Veterans Health Administration Community Outreach": [
    39.1056849,
    -84.51437870935456
  ],
  "Baanlaadesh": [
    24.4769288,
    90.2934413
  ],
  "North Pacific Ocean": [
    30.0,
    -170.0
  ],
  "Central & California": [
    34.1501514,
    -118.2578092
  ],
  "Northern California": [
    38.8992315,
    -121.82080142136275
  ],
  "Malawi": [
    -13.2687204,
    33.9301963
  ],
  "Iquitos": [
    -3.749365,
    -73.2444145
  ],
  "Tai Wan": [
    23.5983227,
    120.83537694479215
  ],
  "Praethsaithy": [
    14.8971921,
    100.83273
  ],
  "Guatemala": [
    15.5855545,
    -90.345759
  ],
  "Japanese Cultural And Community Center Of Northern California": [
    37.78673555,
    -122.43093495619834
  ],
  "San Miguel Island": [
    34.045202450000005,
    -120.37952995411791
  ],
  "Eire / Ireland": [
    52.865196,
    -7.9794599
  ],
  "Africa": [
    -25.357940131439676,
    -57.583529514092106
  ],
  "Wotho Island Airport": [
    10.1737116,
    166.0027914
  ],
  "Da Ban Shi": [
    34.6937569,
    135.5014539
  ],
  "Yosemite National Park": [
    37.83930035,
    -119.51646348068644
  ],
  "North America": [
    51.0000002,
    -109.0
  ],
  "Hawaii": [
    19.593801499999998,
    -155.42837009716908
  ],
  "Texas": [
    36.6391836,
    -106.1000204
  ],
  "Puerto Rico": [
    18.2247706,
    -66.4858295
  ],
  "Armenia": [
    4.536307,
    -75.6723751
  ],
  "Lawrence Berkeley National Laboratory": [
    37.87695875,
    -122.24563027311041
  ],
  "Msr": [
    26.2540493,
    29.2675469
  ],
  "Sutter'S Mill": [
    34.27984,
    -118.72035
  ],
  "American": [
    -14.78166625,
    -57.28711447826255
  ],
  "Bahia Kino": [
    28.8246532,
    -111.93715677108361
  ],
  "Italia": [
    42.6384261,
    12.674297
  ],
  "Owens Valley": [
    36.61562975,
    -118.10957791899536
  ],
  "B'Lgariia": [
    42.6073975,
    25.4856617
  ],
  "Shang Hai Shi": [
    31.2312707,
    121.4700152
  ],
  "Hlb": [
    36.19924,
    37.1637253
  ],
  "Suisun Bay": [
    38.073240850000005,
    -122.07471251316508
  ],
  "Lbhr Lmyt Ym Hmlh": [
    31.54147375,
    35.47870589103286
  ],
  "Mexico": [
    39.1697626,
    -91.8829484
  ],
  "Ontario": [
    50.000678,
    -86.000977
  ],
  "Davis": [
    38.5435526,
    -121.739005
  ],
  "San Jacinto": [
    33.7839664,
    -116.9589086
  ],
  "Cambridge Rindge & Latin School": [
    42.3739168,
    -71.11066769180692
  ],
  "Illinois": [
    40.0796606,
    -89.4337288
  ],
  "Washington": [
    38.8950368,
    -77.0365427
  ],
  "National Institutes Of Health": [
    39.00001425,
    -77.10400394523563
  ],
  "Denver": [
    39.7392364,
    -104.984862
  ],
  "Auckland": [
    -36.852095,
    174.7631803
  ],
  "Singapore": [
    1.357107,
    103.8194992
  ],
  "City Of New York": [
    40.7127281,
    -74.0060152
  ],
  "Greenland": [
    43.0361995,
    -70.8328322
  ],
  "San Joaquin Valley National Cemetery": [
    37.11657015,
    -121.07791186832546
  ],
  "Gambia": [
    13.470062,
    -15.4900464
  ],
  "Joseonminjujuyiinmingonghwagug": [
    40.3736611,
    127.0870417
  ],
  "Schweiz/Suisse/Svizzera/Svizra": [
    46.7985624,
    8.2319736
  ],
  "Shelby County": [
    31.7716364,
    -94.1301652
  ],
  "Indian Country": [
    32.72163905,
    -102.64545372905113
  ],
  "Nederland": [
    52.2434979,
    5.6343227
  ],
  "Seoulteugbyeolsi": [
    37.5666791,
    126.9782914
  ],
  "Institution": [
    0.3018717,
    32.5881234
  ],
  "Georgia": [
    32.3293809,
    -83.1137366
  ],
  "San Francisco": [
    37.7792588,
    -122.4193286
  ],
  "Mocambique": [
    -19.302233,
    34.9144977
  ],
  "Jamaica": [
    18.1850507,
    -77.3947693
  ],
  "Global Biodiversity Information Facility": [
    55.702215,
    12.5592485
  ],
  "University": [
    43.2102524,
    -90.2957691
  ],
  "Cameroun": [
    4.6125522,
    13.1535811
  ],
  "Ecuador": [
    -1.3397668,
    -79.3666965
  ],
  "Bahia": [
    -12.285251,
    -41.9294776
  ],
  "Long Valley": [
    37.5999224,
    -118.802188
  ],
  "Yrn": [
    32.6475314,
    54.5643516
  ],
  "Australia": [
    -24.7761086,
    134.755
  ],
  "Treasure Island": [
    37.82380605,
    -122.37041062623358
  ],
  "South Dakota": [
    44.6471761,
    -100.348761
  ],
  "Geneve": [
    46.2017559,
    6.1466014
  ],
  "Multiple Mirror Telescope": [
    31.6889211,
    -110.88528389966604
  ],
  "Sverige": [
    59.6749712,
    14.5208584
  ],
  "Stg Chile": [
    -33.4233629,
    -70.57988060219014
  ],
  "San Francisco Bay Area": [
    37.7884969,
    -122.3558473
  ],
  "Ricaurte": [
    4.2777357,
    -74.7718165
  ],
  "France": [
    46.603354,
    1.8883335
  ],
  "Byrwt": [
    33.88922645,
    35.50255852895232
  ],
  "Twns": [
    36.8002068,
    10.1857757
  ],
  "Iqaluit Iqaloit": [
    63.7492738,
    -68.5213763
  ],
  "Midwest": [
    43.411391,
    -106.280075
  ],
  "Taranto": [
    40.54881555,
    17.08058012454743
  ],
  "Jabatan Perlinduangan Hidupan Liar Dan Taman Neagara": [
    3.0839946,
    101.7442338210906
  ],
  "Peru": [
    -6.8699697,
    -75.0458515
  ],
  "American Academy Of Family Physicians": [
    38.92213785,
    -94.62893064964028
  ],
  "Mongol Uls Munggul Ulus": [
    46.8250388,
    103.8499736
  ],
  "Antarctica": [
    -72.8438691,
    0.0
  ],
  "India": [
    22.3511148,
    78.6677428
  ],