{
  "Daerah Khusus Ibukota Jakarta": [
    -6.1754049,
    106.827168
  ],
  "Banambani": [
    12.7929203,
    -8.032524
  ],
  "Canada": [
    61.0666922,
    -107.991707
  ],
  "United States": [
    39.7837304,
    -100.445882
  ],
  "Baltimore": [
    39.2908816,
    -76.610759
  ],
  "Deus Te Nunquam Deseret Rex Gloriae Ecclesiae": [
    -25.2876564,
    -57.5563266
  ],
  "California": [
    36.7014631,
    -118.755997
  ],
  "Sacramento": [
    38.5810606,
    -121.493895
  ],
  "Sarawak": [
    2.5023855,
    112.9547283
  ],
  "Sabah": [
    5.4257359,
    117.0326392
  ],
  "Ghana": [
    8.0300284,
    -1.0800271
  ],
  "New Zealand / Aotearoa": [
    -41.5000831,
    172.8344077
  ],
  "Nairobi": [
    -1.2832533,
    36.8172449
  ],
  "Northridge": [
    34.2345615,
    -118.5369316
  ],
  "Xi An Shi": [
    34.261004,
    108.9423363
  ],
  "Ri Ben": [
    36.5748441,
    139.2394179
  ],
  "Bethesda": [
    38.98127255,
    -77.12335871396549
  ],
  "Costa Rica": [
    10.2735633,
    -84.0739102
  ],
  "India": [
    22.3511148,
    78.6677428
  ],
  "City Of New York": [
    40.7127281,
    -74.0060152
  ],
  "Si Chuan Sheng": [
    30.5000001,
    102.4999999
  ],
  "U.S.A.": [
    14.402819257487227,
    120.92773362680121
  ],
  "Ciudad De Mexico": [
    19.4326296,
    -99.1331785
  ],
  "Southern California": [
    34.169262950000004,
    -116.787448181486
  ],
  "Ouaka": [
    6.3110548,
    20.5447525
  ],
  "Hyph": [
    32.8191218,
    34.9983856
  ],
  "North Carolina": [
    35.6729639,
    -79.0392919
  ],
  "Slovensko": [
    48.7411522,
    19.4528646
  ],
  "Tian Jin Shi": [
    39.3032619,
    117.4163641
  ],
  "Western": [
    52.719172400000005,
    7.228499446277812
  ],
  "Los Angeles": [
    34.0536909,
    -118.242766
  ],
  "Sardigna/Sardegna": [
    40.0912813,
    9.0305773
  ],
  "Greenland": [
    43.0361995,
    -70.8328322
  ],
  "Baanlaadesh": [
    24.4769288,
    90.2934413
  ],
  "Malawi": [
    -13.2687204,
    33.9301963
  ],
  "Hampshire Court": [
    38.571190800000004,
    -90.34638530000001
  ],
  "Iquitos": [
    -3.749365,
    -73.2444145
  ],
  "Tai Wan": [
    23.5983227,
    120.83537694479215
  ],
  "Cchanghwadechiiyngaihm": [
    18.6951714,
    98.4462684
  ],
  "Village Of Almond": [
    42.3222916,
    -77.738327
  ],
  "Holstein": [
    42.4893597,
    -95.5446387
  ],
  "Geneve": [
    46.2017559,
    6.1466014
  ],
  "San Miguel Island": [
    34.045202450000005,
    -120.37952995411791
  ],
  "Buw Hasa": [
    23.53150475,
    53.25694902299705
  ],
  "Da Ban Shi": [
    34.6937569,
    135.5014539
  ],
  "Framingham": [
    42.2773177,
    -71.4165905
  ],
  "Texas": [
    31.2638905,
    -98.5456116
  ],
  "New Mexico": [
    34.5802074,
    -105.996047
  ],
  "Cabo Rojo": [
    18.049597300000002,
    -67.15520850470077
  ],
  "Eire / Ireland": [
    52.865196,
    -7.9794599
  ],
  "Msr": [
    26.2540493,
    29.2675469
  ],
  "Xico": [
    19.4457798,
    -97.07075687770478
  ],
  "Arizona": [
    34.395342,
    -111.763275
  ],
  "Italia": [
    42.6384261,
    12.674297
  ],
  "Owens Valley": [
    36.61562975,
    -118.10957791899536
  ],
  "B'Lgariia": [
    42.6073975,
    25.4856617
  ],
  "Shang Hai Shi": [
    31.2312707,
    121.4700152
  ],
  "Bagdat Demiryolu / Reya Hesini Li Bexda / Sk@ Hdyd Bgdd": [
    36.914358575021346,
    38.26699978640028
  ],
  "Loma Prieta": [
    37.1109176,
    -121.8442789
  ],
  "Ontario": [
    50.000678,
    -86.000977
  ],
  "Davis County": [
    40.7474784,
    -92.3965311
  ],
  "Sverige": [
    59.6749712,
    14.5208584
  ],
  "Washington": [
    38.8950368,
    -77.0365427
  ],
  "Australia": [
    -24.7761086,
    134.755
  ],
  "Zhong Guo": [
    35.0000663,
    104.999955
  ],
  "Denver": [
    39.7392364,
    -104.984862
  ],
  "Auckland": [
    -36.852095,
    174.7631803
  ],
  "Singapore": [
    1.357107,
    103.8194992
  ],
  "Alaska": [
    64.4459613,
    -149.680909
  ],
  "Nicotiana": [
    38.0224689,
    23.7490489
  ],
  "Joseonminjujuyiinmingonghwagug": [
    40.3736611,
    127.0870417
  ],
  "Schweiz/Suisse/Svizzera/Svizra": [
    46.7985624,
    8.2319736
  ],
  "Shelby County": [
    31.7716364,
    -94.1301652
  ],
  "British Columbia": [
    55.001251,
    -125.002441
  ],
  "Seoulteugbyeolsi": [
    37.5666791,
    126.9782914
  ],
  "Juglans Regia": [
    44.9055031,
    8.2230611
  ],
  "Georgia": [
    32.3293809,
    -83.1137366
  ],
  "Mocambique": [
    -19.302233,
    34.9144977
  ],
  "Jamaica": [
    18.1850507,
    -77.3947693
  ],
  "Bodega Bay": [
    38.3221437,
    -123.01547043531973
  ],
  "Alberta": [
    55.001251,
    -115.002136
  ],
  "Cameroun": [
    4.6125522,
    13.1535811
  ],
  "Kenya": [
    1.4419683,
    38.4313975
  ],
  "Kichwa": [
    -0.1193569,
    36.0148089
  ],
  "Berimbau": [
    -18.0890534,
    -42.2408383
  ],
  "Bahia": [
    -12.285251,
    -41.9294776
  ],
  "Long Valley": [
    40.78168135,
    -74.75923279813415
  ],
  "Antarctica": [
    -72.8438691,
    0.0
  ],
  "Gorgan": [
    46.0930219,
    24.0081658
  ],
  "Treasure Island": [
    35.0853895,
    -90.09973153461499
  ],
  "South Dakota": [
    44.6471761,
    -100.348761
  ],
  "Strasbourg": [
    48.584614,
    7.7507127
  ],
  "Woods Hole": [
    41.5238207,
    -70.669259
  ],
  "Diamond": [
    41.2886428,
    -88.2517287
  ],
  "Turkiye": [
    39.294076,
    35.2316631
  ],
  "Puerto Rico": [
    18.2247706,
    -66.4858295
  ],
  "Oaxaca": [
    19.5902834,
    -99.01960875
  ],
  "San Francisco Bay Area": [
    37.7884969,
    -122.3558473
  ],
  "Ricaurte": [
    4.2777357,
    -74.7718165
  ],
  "Embassy Of The People'S Republic Of China": [
    -25.7447224,
    28.2288639
  ],
  "France": [
    46.603354,
    1.8883335
  ],
  "London": [
    51.4893335,
    -0.14405508452768728
  ],
  "Kentucky": [
    37.5726028,
    -85.1551411
  ],
  "Florida": [
    27.7567667,
    -81.4639835
  ],
  "Twns": [
    36.8002068,
    10.1857757
  ],
  "Iqaluit Iqaloit": [
    63.7492738,
    -68.5213763
  ],
  "Illinois": [
    40.0796606,
    -89.4337288
  ],
  "Rossiia": [
    64.6863136,
    97.7453061
  ],
  "Taranto": [
    40.54881555,
    17.08058012454743
  ],
  "San Antonio": [
    29.4246002,
    -98.4951405
  ],
  "Philadelphia": [
    39.9527237,
    -75.1635262
  ],
  "Colombia": [
    4.099917,
    -72.9088133
  ],
  "Malaysia": [
    4.5693754,
    102.2656823
  ],
  "Peru": [
    -6.8699697,
    -75.0458515
  ],
  "Mongol Uls Munggul Ulus": [
    46.8250388,
    103.8499736
  ],
  "Ellas": [
    38.9953683,
    21.9877132
  ],
  "Curry County": [
    42.4265426,
    -124.216879
  ],
  "Del Norte County": [
    41.7261767,
    -123.91328
  ],
  "Glgt Bltstn": [
    35.9999972,
    75.0000023
  ],
  "Chandler": [
    33.3062031,
    -111.841185
  ],
  "Mexicali": [
    32.6405247,
    -115.474899
  ],
  "Schule": [
    51.6107245,
    14.2589671
  ],
  "Pilipinas": [
    12.7503486,
    122.7312101
  ],
  "Los Angeles County": [
    34.3155072,
    -118.209681
  ],
  "Boston": [
    42.3554334,
    -71.060511
  ],
  "Tanzania": [
    -6.5247123,
    35.7878438
  ],
  "Brasil": [
    -10.3333333,
    -53.2
  ],
  "Teyopheyaa Thywby": [
    10.2116702,
    38.6521203
  ],
  "Bridgewater": [
    41.9902206,
    -70.9754432
  ],
  "Daehanmingug": [
    36.638392,
    127.6961188
  ],
  "Praethsaithy": [
    14.8971921,
    100.83273
  ],
  "State": [
    34.0563199,
    -117.1817598
  ],
  "Bar Harbor": [
    44.3876378,
    -68.2043361
  ],
  "S. Born, U. Poschl": [
    51.5353474,
    9.9224645
  ],
  "Miami": [
    25.7741728,
    -80.19362
  ],
  "Socal": [
    -24.3998924,
    -47.7125224
  ],
  "Chile": [
    -31.7613365,
    -71.3187697
  ],
  "Santa Monica": [
    34.0194704,
    -118.491227
  ],
  "Parkland": [
    26.3100794,
    -80.23727
  ],
  "Nicaragua": [
    12.6090157,
    -85.2936911
  ],
  "Parkfield": [
    35.8995899,
    -120.4326458
  ],